model,config_id,target,tier,tier_axis,is_isolation_ref,w_bits,a_bits,kv_bits,kv_cache_tokens,done,eval_gsm8k_sample_len,eval_gsm8k_exact_match_strict-match,eval_gsm8k_exact_match_stderr_strict-match,eval_gsm8k_exact_match_flexible-extract,eval_gsm8k_exact_match_stderr_flexible-extract,eval_mmlu_abstract_algebra_sample_len,eval_mmlu_abstract_algebra_acc_none,eval_mmlu_abstract_algebra_acc_stderr_none,eval_mmlu_anatomy_sample_len,eval_mmlu_anatomy_acc_none,eval_mmlu_anatomy_acc_stderr_none,eval_mmlu_astronomy_sample_len,eval_mmlu_astronomy_acc_none,eval_mmlu_astronomy_acc_stderr_none,eval_mmlu_college_biology_sample_len,eval_mmlu_college_biology_acc_none,eval_mmlu_college_biology_acc_stderr_none,eval_mmlu_college_chemistry_sample_len,eval_mmlu_college_chemistry_acc_none,eval_mmlu_college_chemistry_acc_stderr_none,eval_mmlu_college_computer_science_sample_len,eval_mmlu_college_computer_science_acc_none,eval_mmlu_college_computer_science_acc_stderr_none,eval_mmlu_college_mathematics_sample_len,eval_mmlu_college_mathematics_acc_none,eval_mmlu_college_mathematics_acc_stderr_none,eval_mmlu_college_physics_sample_len,eval_mmlu_college_physics_acc_none,eval_mmlu_college_physics_acc_stderr_none,eval_mmlu_computer_security_sample_len,eval_mmlu_computer_security_acc_none,eval_mmlu_computer_security_acc_stderr_none,eval_mmlu_conceptual_physics_sample_len,eval_mmlu_conceptual_physics_acc_none,eval_mmlu_conceptual_physics_acc_stderr_none,eval_mmlu_electrical_engineering_sample_len,eval_mmlu_electrical_engineering_acc_none,eval_mmlu_electrical_engineering_acc_stderr_none,eval_mmlu_elementary_mathematics_sample_len,eval_mmlu_elementary_mathematics_acc_none,eval_mmlu_elementary_mathematics_acc_stderr_none,eval_mmlu_high_school_biology_sample_len,eval_mmlu_high_school_biology_acc_none,eval_mmlu_high_school_biology_acc_stderr_none,eval_mmlu_high_school_chemistry_sample_len,eval_mmlu_high_school_chemistry_acc_none,eval_mmlu_high_school_chemistry_acc_stderr_none,eval_mmlu_high_school_computer_science_sample_len,eval_mmlu_high_school_computer_science_acc_none,eval_mmlu_high_school_computer_science_acc_stderr_none,eval_mmlu_high_school_mathematics_sample_len,eval_mmlu_high_school_mathematics_acc_none,eval_mmlu_high_school_mathematics_acc_stderr_none,eval_mmlu_high_school_physics_sample_len,eval_mmlu_high_school_physics_acc_none,eval_mmlu_high_school_physics_acc_stderr_none,eval_mmlu_high_school_statistics_sample_len,eval_mmlu_high_school_statistics_acc_none,eval_mmlu_high_school_statistics_acc_stderr_none,eval_mmlu_machine_learning_sample_len,eval_mmlu_machine_learning_acc_none,eval_mmlu_machine_learning_acc_stderr_none,eval_mmlu_business_ethics_sample_len,eval_mmlu_business_ethics_acc_none,eval_mmlu_business_ethics_acc_stderr_none,eval_mmlu_clinical_knowledge_sample_len,eval_mmlu_clinical_knowledge_acc_none,eval_mmlu_clinical_knowledge_acc_stderr_none,eval_mmlu_college_medicine_sample_len,eval_mmlu_college_medicine_acc_none,eval_mmlu_college_medicine_acc_stderr_none,eval_mmlu_global_facts_sample_len,eval_mmlu_global_facts_acc_none,eval_mmlu_global_facts_acc_stderr_none,eval_mmlu_human_aging_sample_len,eval_mmlu_human_aging_acc_none,eval_mmlu_human_aging_acc_stderr_none,eval_mmlu_management_sample_len,eval_mmlu_management_acc_none,eval_mmlu_management_acc_stderr_none,eval_mmlu_marketing_sample_len,eval_mmlu_marketing_acc_none,eval_mmlu_marketing_acc_stderr_none,eval_mmlu_medical_genetics_sample_len,eval_mmlu_medical_genetics_acc_none,eval_mmlu_medical_genetics_acc_stderr_none,eval_mmlu_miscellaneous_sample_len,eval_mmlu_miscellaneous_acc_none,eval_mmlu_miscellaneous_acc_stderr_none,eval_mmlu_nutrition_sample_len,eval_mmlu_nutrition_acc_none,eval_mmlu_nutrition_acc_stderr_none,eval_mmlu_professional_accounting_sample_len,eval_mmlu_professional_accounting_acc_none,eval_mmlu_professional_accounting_acc_stderr_none,eval_mmlu_professional_medicine_sample_len,eval_mmlu_professional_medicine_acc_none,eval_mmlu_professional_medicine_acc_stderr_none,eval_mmlu_virology_sample_len,eval_mmlu_virology_acc_none,eval_mmlu_virology_acc_stderr_none,eval_mmlu_econometrics_sample_len,eval_mmlu_econometrics_acc_none,eval_mmlu_econometrics_acc_stderr_none,eval_mmlu_high_school_geography_sample_len,eval_mmlu_high_school_geography_acc_none,eval_mmlu_high_school_geography_acc_stderr_none,eval_mmlu_high_school_government_and_politics_sample_len,eval_mmlu_high_school_government_and_politics_acc_none,eval_mmlu_high_school_government_and_politics_acc_stderr_none,eval_mmlu_high_school_macroeconomics_sample_len,eval_mmlu_high_school_macroeconomics_acc_none,eval_mmlu_high_school_macroeconomics_acc_stderr_none,eval_mmlu_high_school_microeconomics_sample_len,eval_mmlu_high_school_microeconomics_acc_none,eval_mmlu_high_school_microeconomics_acc_stderr_none,eval_mmlu_high_school_psychology_sample_len,eval_mmlu_high_school_psychology_acc_none,eval_mmlu_high_school_psychology_acc_stderr_none,eval_mmlu_human_sexuality_sample_len,eval_mmlu_human_sexuality_acc_none,eval_mmlu_human_sexuality_acc_stderr_none,eval_mmlu_professional_psychology_sample_len,eval_mmlu_professional_psychology_acc_none,eval_mmlu_professional_psychology_acc_stderr_none,eval_mmlu_public_relations_sample_len,eval_mmlu_public_relations_acc_none,eval_mmlu_public_relations_acc_stderr_none,eval_mmlu_security_studies_sample_len,eval_mmlu_security_studies_acc_none,eval_mmlu_security_studies_acc_stderr_none,eval_mmlu_sociology_sample_len,eval_mmlu_sociology_acc_none,eval_mmlu_sociology_acc_stderr_none,eval_mmlu_us_foreign_policy_sample_len,eval_mmlu_us_foreign_policy_acc_none,eval_mmlu_us_foreign_policy_acc_stderr_none,eval_mmlu_formal_logic_sample_len,eval_mmlu_formal_logic_acc_none,eval_mmlu_formal_logic_acc_stderr_none,eval_mmlu_high_school_european_history_sample_len,eval_mmlu_high_school_european_history_acc_none,eval_mmlu_high_school_european_history_acc_stderr_none,eval_mmlu_high_school_us_history_sample_len,eval_mmlu_high_school_us_history_acc_none,eval_mmlu_high_school_us_history_acc_stderr_none,eval_mmlu_high_school_world_history_sample_len,eval_mmlu_high_school_world_history_acc_none,eval_mmlu_high_school_world_history_acc_stderr_none,eval_mmlu_international_law_sample_len,eval_mmlu_international_law_acc_none,eval_mmlu_international_law_acc_stderr_none,eval_mmlu_jurisprudence_sample_len,eval_mmlu_jurisprudence_acc_none,eval_mmlu_jurisprudence_acc_stderr_none,eval_mmlu_logical_fallacies_sample_len,eval_mmlu_logical_fallacies_acc_none,eval_mmlu_logical_fallacies_acc_stderr_none,eval_mmlu_moral_disputes_sample_len,eval_mmlu_moral_disputes_acc_none,eval_mmlu_moral_disputes_acc_stderr_none,eval_mmlu_moral_scenarios_sample_len,eval_mmlu_moral_scenarios_acc_none,eval_mmlu_moral_scenarios_acc_stderr_none,eval_mmlu_philosophy_sample_len,eval_mmlu_philosophy_acc_none,eval_mmlu_philosophy_acc_stderr_none,eval_mmlu_prehistory_sample_len,eval_mmlu_prehistory_acc_none,eval_mmlu_prehistory_acc_stderr_none,eval_mmlu_professional_law_sample_len,eval_mmlu_professional_law_acc_none,eval_mmlu_professional_law_acc_stderr_none,eval_mmlu_world_religions_sample_len,eval_mmlu_world_religions_acc_none,eval_mmlu_world_religions_acc_stderr_none,eval_mmlu_stem_sample_len,eval_mmlu_stem_acc_none,eval_mmlu_stem_acc_stderr_none,eval_mmlu_other_sample_len,eval_mmlu_other_acc_none,eval_mmlu_other_acc_stderr_none,eval_mmlu_social_sciences_sample_len,eval_mmlu_social_sciences_acc_none,eval_mmlu_social_sciences_acc_stderr_none,eval_mmlu_humanities_sample_len,eval_mmlu_humanities_acc_none,eval_mmlu_humanities_acc_stderr_none,eval_mmlu_sample_len,eval_mmlu_acc_none,eval_mmlu_acc_stderr_none,bench_decode_c1_request_throughput,bench_decode_c1_output_throughput,bench_decode_c1_mean_ttft_ms,bench_decode_c1_mean_tpot_ms,bench_decode_c1_mean_itl_ms,bench_decode_c16_request_throughput,bench_decode_c16_output_throughput,bench_decode_c16_mean_ttft_ms,bench_decode_c16_mean_tpot_ms,bench_decode_c16_mean_itl_ms,bench_decode_c4_request_throughput,bench_decode_c4_output_throughput,bench_decode_c4_mean_ttft_ms,bench_decode_c4_mean_tpot_ms,bench_decode_c4_mean_itl_ms,bench_longctx_c16_request_throughput,bench_longctx_c16_output_throughput,bench_longctx_c16_mean_ttft_ms,bench_longctx_c16_mean_tpot_ms,bench_longctx_c16_mean_itl_ms,bench_longctx_c64_request_throughput,bench_longctx_c64_output_throughput,bench_longctx_c64_mean_ttft_ms,bench_longctx_c64_mean_tpot_ms,bench_longctx_c64_mean_itl_ms,bench_prefill_c1_request_throughput,bench_prefill_c1_output_throughput,bench_prefill_c1_mean_ttft_ms,bench_prefill_c1_mean_tpot_ms,bench_prefill_c1_mean_itl_ms,bench_prefill_c16_request_throughput,bench_prefill_c16_output_throughput,bench_prefill_c16_mean_ttft_ms,bench_prefill_c16_mean_tpot_ms,bench_prefill_c16_mean_itl_ms,bench_prefill_c4_request_throughput,bench_prefill_c4_output_throughput,bench_prefill_c4_mean_ttft_ms,bench_prefill_c4_mean_tpot_ms,bench_prefill_c4_mean_itl_ms
qwen2.5-0.5b,attn-proj-w4,attn-proj,2.0,bits,False,4.0,,,3353184,True,20,0.05,0.04999999999999999,0.05,0.04999999999999999,20,0.3,0.10513149660756935,20,0.35,0.1094243309804831,20,0.5,0.11470786693528086,20,0.55,0.11413288653790232,20,0.25,0.09933992677987828,20,0.45,0.11413288653790232,20,0.55,0.11413288653790232,20,0.25,0.09933992677987828,20,0.75,0.09933992677987828,20,0.55,0.11413288653790232,20,0.45,0.11413288653790232,20,0.2,0.0917662935482247,20,0.5,0.11470786693528086,20,0.45,0.11413288653790232,20,0.5,0.11470786693528086,20,0.3,0.10513149660756935,20,0.25,0.09933992677987828,20,0.4,0.11239029738980327,20,0.25,0.09933992677987828,20,0.7,0.10513149660756936,20,0.5,0.11470786693528086,20,0.55,0.11413288653790232,20,0.35,0.1094243309804831,20,0.45,0.11413288653790232,20,0.55,0.11413288653790232,20,0.7,0.10513149660756936,20,0.4,0.11239029738980327,20,0.75,0.09933992677987828,20,0.65,0.1094243309804831,20,0.3,0.10513149660756935,20,0.35,0.1094243309804831,20,0.25,0.09933992677987828,20,0.4,0.11239029738980327,20,0.55,0.11413288653790232,20,0.55,0.11413288653790232,20,0.55,0.11413288653790232,20,0.45,0.11413288653790232,20,0.6,0.11239029738980327,20,0.55,0.11413288653790232,20,0.7,0.10513149660756936,20,0.55,0.11413288653790232,20,0.7,0.10513149660756936,20,0.6,0.11239029738980327,20,0.7,0.10513149660756936,20,0.2,0.0917662935482247,20,0.6,0.11239029738980327,20,0.55,0.11413288653790232,20,0.7,0.10513149660756936,20,0.65,0.1094243309804831,20,0.6,0.11239029738980327,20,0.45,0.11413288653790232,20,0.5,0.11470786693528086,20,0.25,0.09933992677987828,20,0.45,0.11413288653790232,20,0.35,0.1094243309804831,20,0.45,0.11413288653790232,20,0.6,0.11239029738980327,380,0.4105263157894737,0.024804234244347512,260,0.5,0.030155829068074607,240,0.575,0.0321898153229607,260,0.48846153846153845,0.030425714017872328,1140,0.48333333333333334,0.014482425520078276,0.748011909743136,382.98209778848565,18.198166880756617,2.580085206583667,2.6182579523019576,6.789657584233224,3476.3046831274105,53.94370094873011,2.7778009167797646,2.814148252768609,2.7019331802206494,1383.3897882729725,23.61437021754682,2.848947748592863,2.888516786356737,5.613420005829014,1437.0355214922276,681.0273572336882,6.494657074046487,6.536956213911669,6.515448810170959,1667.9548954037655,1007.9853050876409,7.439152288853246,7.443531532383606,11.921522277904437,190.744356446471,46.34369728155434,2.4940248578786854,2.5363072973944374,27.45826721402566,439.33227542441057,340.49441278912127,11.295755452786882,11.333549859307483,23.380661614658226,374.0905858345316,95.91069496236742,4.814392707000176,4.863039352100103
qwen2.5-0.5b,attn-proj-w8,attn-proj,1.0,bits,False,8.0,,,3351280,True,20,0.3,0.10513149660756935,0.35,0.10942433098048311,20,0.2,0.0917662935482247,20,0.35,0.1094243309804831,20,0.55,0.11413288653790232,20,0.5,0.11470786693528086,20,0.25,0.09933992677987828,20,0.4,0.11239029738980327,20,0.45,0.11413288653790232,20,0.2,0.0917662935482247,20,0.85,0.08191780219091253,20,0.6,0.11239029738980327,20,0.3,0.10513149660756935,20,0.25,0.09933992677987828,20,0.6,0.11239029738980327,20,0.4,0.11239029738980327,20,0.55,0.11413288653790232,20,0.4,0.11239029738980327,20,0.35,0.1094243309804831,20,0.35,0.1094243309804831,20,0.35,0.1094243309804831,20,0.65,0.1094243309804831,20,0.6,0.11239029738980327,20,0.45,0.11413288653790232,20,0.45,0.11413288653790232,20,0.45,0.11413288653790232,20,0.55,0.11413288653790232,20,0.7,0.10513149660756936,20,0.45,0.11413288653790232,20,0.75,0.09933992677987828,20,0.6,0.11239029738980327,20,0.3,0.10513149660756935,20,0.35,0.1094243309804831,20,0.25,0.09933992677987828,20,0.45,0.11413288653790232,20,0.5,0.11470786693528086,20,0.6,0.11239029738980327,20,0.55,0.11413288653790232,20,0.5,0.11470786693528086,20,0.65,0.1094243309804831,20,0.65,0.1094243309804831,20,0.7,0.10513149660756936,20,0.4,0.11239029738980327,20,0.75,0.09933992677987828,20,0.7,0.10513149660756936,20,0.7,0.10513149660756936,20,0.35,0.1094243309804831,20,0.55,0.11413288653790232,20,0.55,0.11413288653790232,20,0.7,0.10513149660756936,20,0.8,0.0917662935482247,20,0.6,0.11239029738980327,20,0.5,0.11470786693528086,20,0.55,0.11413288653790232,20,0.25,0.09933992677987828,20,0.5,0.11470786693528086,20,0.35,0.1094243309804831,20,0.4,0.11239029738980327,20,0.55,0.11413288653790232,380,0.41578947368421054,0.02455315782971699,260,0.5038461538461538,0.03040011391740527,240,0.5958333333333333,0.031689165599211803,260,0.5115384615384615,0.03047684970776381,1140,0.4956140350877193,0.014417965444538177,0.764848091201943,391.6022226953948,16.219533048570156,2.5263629201252864,2.5619602384939153,7.035131004153909,3601.9870741268014,45.301915518939495,2.6850000027486955,2.726619825450428,2.7704298233655313,1418.460069563152,18.500955821946263,2.7874180421036336,2.820536127350856,5.640838338105771,1444.0546145550775,681.7077724728733,6.481249687974068,6.567529821055987,6.415702272169197,1642.4197816753144,1055.1487618125975,7.439626177736357,7.467447119660322,11.745673604201288,187.9307776672206,49.295134050771594,2.3763067989299693,2.4248226672461652,27.321337356861232,437.1413977097797,340.6810103915632,11.455205784489712,11.728894067197123,24.403037643256837,390.4486022921094,91.46202332340181,4.681973370412986,4.745257250662591
qwen2.5-0.5b,bf16,control,0.0,,False,,,,3347584,True,20,0.2,0.0917662935482247,0.2,0.0917662935482247,20,0.25,0.09933992677987828,20,0.35,0.1094243309804831,20,0.55,0.11413288653790232,20,0.45,0.11413288653790232,20,0.3,0.10513149660756935,20,0.4,0.11239029738980327,20,0.45,0.11413288653790232,20,0.2,0.0917662935482247,20,0.85,0.08191780219091253,20,0.6,0.11239029738980327,20,0.35,0.1094243309804831,20,0.3,0.10513149660756935,20,0.65,0.1094243309804831,20,0.4,0.11239029738980327,20,0.55,0.11413288653790232,20,0.4,0.11239029738980327,20,0.35,0.1094243309804831,20,0.35,0.1094243309804831,20,0.35,0.1094243309804831,20,0.65,0.1094243309804831,20,0.6,0.11239029738980327,20,0.4,0.11239029738980327,20,0.4,0.11239029738980327,20,0.4,0.11239029738980327,20,0.5,0.11470786693528086,20,0.7,0.10513149660756936,20,0.45,0.11413288653790232,20,0.75,0.09933992677987828,20,0.6,0.11239029738980327,20,0.25,0.09933992677987828,20,0.35,0.1094243309804831,20,0.25,0.09933992677987828,20,0.4,0.11239029738980327,20,0.5,0.11470786693528086,20,0.55,0.11413288653790232,20,0.65,0.1094243309804831,20,0.5,0.11470786693528086,20,0.65,0.1094243309804831,20,0.65,0.1094243309804831,20,0.7,0.10513149660756936,20,0.4,0.11239029738980327,20,0.75,0.09933992677987828,20,0.7,0.10513149660756936,20,0.75,0.09933992677987828,20,0.35,0.1094243309804831,20,0.55,0.11413288653790232,20,0.55,0.11413288653790232,20,0.7,0.10513149660756936,20,0.75,0.09933992677987828,20,0.6,0.11239029738980327,20,0.55,0.11413288653790232,20,0.55,0.11413288653790232,20,0.25,0.09933992677987828,20,0.5,0.11470786693528086,20,0.4,0.11239029738980327,20,0.35,0.1094243309804831,20,0.6,0.11239029738980327,380,0.4263157894736842,0.024774827910067618,260,0.4846153846153846,0.030181636371957515,240,0.6,0.03144311674505686,260,0.5153846153846153,0.030566131316885625,1140,0.4964912280701754,0.014422178144538823,0.7651903407807007,391.77745447971876,26.8868753220886,2.5044014481481334,2.5447392949179264,2.5920546231553607,1327.1319670555447,43.11424046754837,10.284167643337568,10.422867616691738,2.741934382764175,1403.8704039752577,18.276246823370457,2.817020696768293,2.8789954587817195,5.650695796574478,1446.5781239230664,674.7706201393157,6.450854262848403,6.476252176065556,6.454713526783321,1652.4066628565301,1050.8348527364433,7.372498685019273,7.3782864971206275,11.940503875485597,191.04806200776954,48.1221136637032,2.3617382192363343,2.3936793472416498,26.597028876846352,425.55246202954163,358.8787883054465,11.368441733842095,11.368456076209744,23.928240439948613,382.8518470391778,87.26120018400252,5.193605683743955,5.210988709460135
qwen2.5-0.5b,kv-fp8-e4m3,kv,1.0,format,False,,,8.0,6695856,True,20,0.0,0.0,0.0,0.0,20,0.1,0.06882472016116853,20,0.35,0.1094243309804831,20,0.1,0.06882472016116853,20,0.2,0.0917662935482247,20,0.1,0.06882472016116853,20,0.05,0.049999999999999996,20,0.4,0.11239029738980327,20,0.3,0.10513149660756935,20,0.25,0.09933992677987828,20,0.3,0.10513149660756935,20,0.25,0.09933992677987828,20,0.15,0.08191780219091253,20,0.25,0.09933992677987828,20,0.3,0.10513149660756935,20,0.15,0.08191780219091253,20,0.3,0.10513149660756935,20,0.3,0.10513149660756935,20,0.2,0.0917662935482247,20,0.35,0.1094243309804831,20,0.2,0.0917662935482247,20,0.15,0.08191780219091253,20,0.25,0.09933992677987828,20,0.1,0.06882472016116853,20,0.5,0.11470786693528086,20,0.35,0.1094243309804831,20,0.4,0.11239029738980327,20,0.3,0.10513149660756935,20,0.15,0.08191780219091253,20,0.25,0.09933992677987828,20,0.25,0.09933992677987828,20,0.15,0.08191780219091253,20,0.3,0.10513149660756935,20,0.4,0.11239029738980327,20,0.2,0.0917662935482247,20,0.2,0.0917662935482247,20,0.2,0.0917662935482247,20,0.05,0.049999999999999996,20,0.15,0.08191780219091253,20,0.2,0.0917662935482247,20,0.35,0.1094243309804831,20,0.25,0.09933992677987828,20,0.15,0.08191780219091253,20,0.3,0.10513149660756935,20,0.25,0.09933992677987828,20,0.2,0.0917662935482247,20,0.15,0.08191780219091253,20,0.15,0.08191780219091253,20,0.35,0.1094243309804831,20,0.25,0.09933992677987828,20,0.2,0.0917662935482247,20,0.2,0.0917662935482247,20,0.25,0.09933992677987828,20,0.25,0.09933992677987828,20,0.35,0.1094243309804831,20,0.15,0.08191780219091253,20,0.25,0.09933992677987828,20,0.2,0.0917662935482247,380,0.23157894736842105,0.021599544254424296,260,0.25769230769230766,0.02695197985885364,240,0.225,0.02700308624336608,260,0.22692307692307692,0.02633835843182361,1140,0.23508771929824562,0.012570772902777937,0.8511706849996986,435.7993907198457,15.862910682335494,2.267666463421224,2.3094723854950847,7.166717457304706,3669.3593381400096,42.09796842187643,2.6620839213963357,2.6937128224474667,2.8953787533319386,1482.4339217059526,17.961159767583013,2.667675197667601,2.7079501982599226,6.564045476061891,1680.3956418718442,639.0283586923033,5.2782577725456035,5.327354178095063,7.613342825701358,1949.0157633795477,993.2692927308381,5.8511877379508,5.881171169146384,12.363238230681276,197.8118116909004,48.53208037093282,2.145125189175208,2.188929081039161,28.52601268049698,456.41620288795167,332.59043567813933,10.788569844638307,10.788581930100918,23.909294604471707,382.5487136715473,97.34061863273382,4.537885238726934,4.553077951148401
qwen2.5-0.5b,kv-fp8-e5m2,kv,2.0,format,False,,,8.0,6695856,True,20,0.0,0.0,0.0,0.0,20,0.1,0.06882472016116853,20,0.3,0.10513149660756935,20,0.25,0.09933992677987828,20,0.2,0.0917662935482247,20,0.2,0.0917662935482247,20,0.25,0.09933992677987828,20,0.3,0.10513149660756935,20,0.3,0.10513149660756935,20,0.4,0.11239029738980327,20,0.2,0.0917662935482247,20,0.1,0.06882472016116853,20,0.35,0.1094243309804831,20,0.2,0.0917662935482247,20,0.25,0.09933992677987828,20,0.15,0.08191780219091253,20,0.45,0.11413288653790232,20,0.25,0.09933992677987828,20,0.2,0.0917662935482247,20,0.25,0.09933992677987828,20,0.2,0.0917662935482247,20,0.15,0.08191780219091253,20,0.35,0.1094243309804831,20,0.3,0.10513149660756935,20,0.15,0.08191780219091253,20,0.15,0.08191780219091253,20,0.1,0.06882472016116853,20,0.25,0.09933992677987828,20,0.15,0.08191780219091253,20,0.05,0.049999999999999996,20,0.35,0.1094243309804831,20,0.05,0.049999999999999996,20,0.3,0.10513149660756935,20,0.2,0.0917662935482247,20,0.3,0.10513149660756935,20,0.15,0.08191780219091253,20,0.3,0.10513149660756935,20,0.25,0.09933992677987828,20,0.15,0.08191780219091253,20,0.15,0.08191780219091253,20,0.55,0.11413288653790232,20,0.35,0.1094243309804831,20,0.1,0.06882472016116853,20,0.5,0.11470786693528086,20,0.4,0.11239029738980327,20,0.3,0.10513149660756935,20,0.2,0.0917662935482247,20,0.35,0.1094243309804831,20,0.35,0.1094243309804831,20,0.3,0.10513149660756935,20,0.2,0.0917662935482247,20,0.1,0.06882472016116853,20,0.2,0.0917662935482247,20,0.25,0.09933992677987828,20,0.25,0.09933992677987828,20,0.15,0.08191780219091253,20,0.2,0.0917662935482247,20,0.25,0.09933992677987828,380,0.24736842105263157,0.022231534877820834,260,0.19615384615384615,0.0244369800078249,240,0.2833333333333333,0.02838874869788344,260,0.23846153846153847,0.026734446198042675,1140,0.2412280701754386,0.01260455455316175,0.8474591876553623,433.8991040795455,16.9371388386935,2.2755013365998367,2.3137626281068724,7.196909821052356,3684.817828378806,43.04451672360301,2.62684826502201,2.652019447879153,2.872140295395075,1470.5358312422784,22.762627992779016,2.6789580567497504,2.7099826800795777,6.49149424337963,1661.8225263051852,652.1276812534779,5.313180750235915,5.383911781670285,7.635221043184683,1954.6165870552788,980.4968547541648,5.858272986267419,5.933901984078113,12.961302127857028,207.38083404571245,43.92275372520089,2.2069812534997864,2.236819501991409,28.429373472456454,454.86997555930327,334.0328465215862,10.812914837151766,11.109174455656376,24.528962861681826,392.4634057869092,92.79514248482883,4.547828997795781,4.593781706710857
qwen2.5-0.5b,w4a16,weights,2.0,bits,False,4.0,,,3391184,True,20,0.15,0.0819178021909125,0.15,0.0819178021909125,20,0.4,0.11239029738980327,20,0.4,0.11239029738980327,20,0.55,0.11413288653790232,20,0.25,0.09933992677987828,20,0.25,0.09933992677987828,20,0.3,0.10513149660756935,20,0.2,0.0917662935482247,20,0.3,0.10513149660756935,20,0.65,0.1094243309804831,20,0.6,0.11239029738980327,20,0.25,0.09933992677987828,20,0.25,0.09933992677987828,20,0.55,0.11413288653790232,20,0.25,0.09933992677987828,20,0.45,0.11413288653790232,20,0.15,0.08191780219091253,20,0.45,0.11413288653790232,20,0.4,0.11239029738980327,20,0.35,0.1094243309804831,20,0.6,0.11239029738980327,20,0.5,0.11470786693528086,20,0.5,0.11470786693528086,20,0.4,0.11239029738980327,20,0.35,0.1094243309804831,20,0.55,0.11413288653790232,20,0.65,0.1094243309804831,20,0.35,0.1094243309804831,20,0.6,0.11239029738980327,20,0.55,0.11413288653790232,20,0.3,0.10513149660756935,20,0.3,0.10513149660756935,20,0.3,0.10513149660756935,20,0.2,0.0917662935482247,20,0.55,0.11413288653790232,20,0.55,0.11413288653790232,20,0.6,0.11239029738980327,20,0.35,0.1094243309804831,20,0.5,0.11470786693528086,20,0.55,0.11413288653790232,20,0.6,0.11239029738980327,20,0.45,0.11413288653790232,20,0.6,0.11239029738980327,20,0.6,0.11239029738980327,20,0.85,0.08191780219091253,20,0.25,0.09933992677987828,20,0.3,0.10513149660756935,20,0.5,0.11470786693528086,20,0.55,0.11413288653790232,20,0.55,0.11413288653790232,20,0.55,0.11413288653790232,20,0.4,0.11239029738980327,20,0.45,0.11413288653790232,20,0.2,0.0917662935482247,20,0.4,0.11239029738980327,20,0.35,0.1094243309804831,20,0.45,0.11413288653790232,20,0.45,0.11413288653790232,380,0.3684210526315789,0.02429948728622733,260,0.4576923076923077,0.030705906498014992,240,0.5333333333333333,0.031501183492108814,260,0.4153846153846154,0.030566131316885622,1140,0.4342105263157895,0.014395476890479975,0.8903609816459839,455.86482260274374,16.079462692141533,2.166005289510126,2.2149868464190194,8.475341767355184,4339.374984885854,32.46357147581875,2.2299851200665453,2.2744959934118265,3.315956579216809,1697.7697685590063,25.22832858376205,2.3100649593525553,2.350544388588089,6.104746680169201,1562.8151501233156,666.1639433354139,5.939428984899731,6.005371304991095,6.769511473638267,1732.9949372513963,1009.7311567515135,7.04104662233708,7.075732590566422,13.165119623978711,210.64191398365938,45.66442649811506,2.0085600018501286,2.0636089739376957,28.31798517838161,453.08776285410573,334.4337295740843,10.893266734977562,10.893283865104118,24.66430562630494,394.62889002087906,95.83646268583834,4.294883832335472,4.4277351528815805
qwen2.5-0.5b,w8a16,weights,1.0,bits,False,8.0,,,3375488,True,20,0.3,0.10513149660756935,0.3,0.10513149660756935,20,0.25,0.09933992677987828,20,0.35,0.1094243309804831,20,0.55,0.11413288653790232,20,0.45,0.11413288653790232,20,0.25,0.09933992677987828,20,0.4,0.11239029738980327,20,0.45,0.11413288653790232,20,0.2,0.0917662935482247,20,0.75,0.09933992677987828,20,0.6,0.11239029738980327,20,0.35,0.1094243309804831,20,0.3,0.10513149660756935,20,0.65,0.1094243309804831,20,0.4,0.11239029738980327,20,0.65,0.1094243309804831,20,0.4,0.11239029738980327,20,0.4,0.11239029738980327,20,0.35,0.1094243309804831,20,0.4,0.11239029738980327,20,0.65,0.1094243309804831,20,0.55,0.11413288653790232,20,0.45,0.11413288653790232,20,0.45,0.11413288653790232,20,0.4,0.11239029738980327,20,0.55,0.11413288653790232,20,0.65,0.1094243309804831,20,0.4,0.11239029738980327,20,0.7,0.10513149660756936,20,0.6,0.11239029738980327,20,0.3,0.10513149660756935,20,0.35,0.1094243309804831,20,0.25,0.09933992677987828,20,0.4,0.11239029738980327,20,0.5,0.11470786693528086,20,0.6,0.11239029738980327,20,0.6,0.11239029738980327,20,0.5,0.11470786693528086,20,0.65,0.1094243309804831,20,0.65,0.1094243309804831,20,0.75,0.09933992677987828,20,0.4,0.11239029738980327,20,0.75,0.09933992677987828,20,0.7,0.10513149660756936,20,0.7,0.10513149660756936,20,0.35,0.1094243309804831,20,0.55,0.11413288653790232,20,0.55,0.11413288653790232,20,0.7,0.10513149660756936,20,0.8,0.0917662935482247,20,0.6,0.11239029738980327,20,0.55,0.11413288653790232,20,0.55,0.11413288653790232,20,0.35,0.1094243309804831,20,0.5,0.11470786693528086,20,0.3,0.10513149660756935,20,0.35,0.1094243309804831,20,0.55,0.11413288653790232,380,0.42894736842105263,0.02489956498600327,260,0.4846153846153846,0.030566131316885622,240,0.6,0.031472163510368835,260,0.5153846153846153,0.03051514524082797,1140,0.49736842105263157,0.014485221625041114,0.883649089393984,452.4283337697198,16.94251811131835,2.1810144832113543,2.2307818630983154,8.253034020666856,4225.55341858143,32.40510253235698,2.282026924335064,2.3312991760933293,3.250610947178513,1664.3128049553986,24.641257617622614,2.3579798242416223,2.407929320506257,5.764382721057381,1475.6819765906896,719.1960460040718,6.315066845831918,6.3675058508102556,6.352954986002215,1626.3564764165671,1135.0572077091783,7.279252044893071,7.31078959548829,12.143503282724943,194.2960525235991,51.39708644710481,2.0517740895350776,2.0936652922964827,25.391530304735447,406.26448487576715,367.48474608175457,12.528711541866263,12.57062524893511,22.380573126914406,358.0891700306305,105.54088386707008,4.719347242886822,4.848656569900986
qwen2.5-0.5b,w8a16-fp8,isolation-ref,,,True,8.0,,,3354448,True,20,0.3,0.10513149660756935,0.3,0.10513149660756935,20,0.25,0.09933992677987828,20,0.35,0.1094243309804831,20,0.55,0.11413288653790232,20,0.5,0.11470786693528086,20,0.3,0.10513149660756935,20,0.35,0.1094243309804831,20,0.5,0.11470786693528086,20,0.25,0.09933992677987828,20,0.75,0.09933992677987828,20,0.5,0.11470786693528086,20,0.3,0.10513149660756935,20,0.3,0.10513149660756935,20,0.65,0.1094243309804831,20,0.3,0.10513149660756935,20,0.55,0.11413288653790232,20,0.3,0.10513149660756935,20,0.35,0.1094243309804831,20,0.4,0.11239029738980327,20,0.35,0.1094243309804831,20,0.7,0.10513149660756936,20,0.45,0.11413288653790232,20,0.45,0.11413288653790232,20,0.4,0.11239029738980327,20,0.45,0.11413288653790232,20,0.5,0.11470786693528086,20,0.6,0.11239029738980327,20,0.45,0.11413288653790232,20,0.65,0.1094243309804831,20,0.55,0.11413288653790232,20,0.3,0.10513149660756935,20,0.3,0.10513149660756935,20,0.25,0.09933992677987828,20,0.35,0.1094243309804831,20,0.55,0.11413288653790232,20,0.6,0.11239029738980327,20,0.65,0.1094243309804831,20,0.5,0.11470786693528086,20,0.65,0.1094243309804831,20,0.55,0.11413288653790232,20,0.6,0.11239029738980327,20,0.45,0.11413288653790232,20,0.65,0.1094243309804831,20,0.65,0.1094243309804831,20,0.75,0.09933992677987828,20,0.35,0.1094243309804831,20,0.6,0.11239029738980327,20,0.45,0.11413288653790232,20,0.65,0.1094243309804831,20,0.8,0.0917662935482247,20,0.7,0.10513149660756936,20,0.6,0.11239029738980327,20,0.5,0.11470786693528086,20,0.25,0.09933992677987828,20,0.5,0.11470786693528086,20,0.45,0.11413288653790232,20,0.35,0.1094243309804831,20,0.6,0.11239029738980327,380,0.4105263157894737,0.024848278494917032,260,0.4653846153846154,0.03062974456221328,240,0.5791666666666667,0.03197621100404859,260,0.5230769230769231,0.030336019150934746,1140,0.4842105263157895,0.01451175775207914,0.8706449134405821,445.77019568157806,15.753716044127941,2.2164621883401843,2.264998264017761,8.146335124662274,4170.923583827084,36.44534251652658,2.303615143548136,2.341184270358515,3.2174935800251214,1647.3567129728622,20.867294166237116,2.390233673785909,2.435026992728081,5.981202078710572,1531.1877321499064,667.7049275022,6.09031235689626,6.193538837075412,6.704783333256497,1716.4245333136632,999.7114312835038,7.179503136990116,7.256335869366528,12.454663594776717,199.27461751642747,50.15177479945123,1.9975776132196188,2.1101380731175903,28.27717914193547,452.4348662709675,336.37635707855225,10.862846638386449,10.93576630052404,25.495614756487424,407.9298361037988,89.26130593754351,4.377825430904826,4.48242617205243
qwen2.5-0.5b,w8a8-fp8,activations,1.0,format,False,8.0,8.0,,3354448,True,20,0.2,0.0917662935482247,0.2,0.0917662935482247,20,0.25,0.09933992677987828,20,0.3,0.10513149660756935,20,0.65,0.1094243309804831,20,0.35,0.1094243309804831,20,0.35,0.1094243309804831,20,0.3,0.10513149660756935,20,0.45,0.11413288653790232,20,0.25,0.09933992677987828,20,0.7,0.10513149660756936,20,0.5,0.11470786693528086,20,0.25,0.09933992677987828,20,0.2,0.0917662935482247,20,0.65,0.1094243309804831,20,0.4,0.11239029738980327,20,0.65,0.1094243309804831,20,0.3,0.10513149660756935,20,0.35,0.1094243309804831,20,0.4,0.11239029738980327,20,0.45,0.11413288653790232,20,0.65,0.1094243309804831,20,0.55,0.11413288653790232,20,0.4,0.11239029738980327,20,0.35,0.1094243309804831,20,0.45,0.11413288653790232,20,0.5,0.11470786693528086,20,0.65,0.1094243309804831,20,0.45,0.11413288653790232,20,0.7,0.10513149660756936,20,0.6,0.11239029738980327,20,0.3,0.10513149660756935,20,0.35,0.1094243309804831,20,0.25,0.09933992677987828,20,0.35,0.1094243309804831,20,0.5,0.11470786693528086,20,0.6,0.11239029738980327,20,0.65,0.1094243309804831,20,0.55,0.11413288653790232,20,0.65,0.1094243309804831,20,0.6,0.11239029738980327,20,0.65,0.1094243309804831,20,0.55,0.11413288653790232,20,0.7,0.10513149660756936,20,0.65,0.1094243309804831,20,0.8,0.0917662935482247,20,0.35,0.1094243309804831,20,0.55,0.11413288653790232,20,0.55,0.11413288653790232,20,0.7,0.10513149660756936,20,0.8,0.0917662935482247,20,0.65,0.1094243309804831,20,0.55,0.11413288653790232,20,0.55,0.11413288653790232,20,0.3,0.10513149660756935,20,0.5,0.11470786693528086,20,0.45,0.11413288653790232,20,0.3,0.10513149660756935,20,0.6,0.11239029738980327,380,0.40789473684210525,0.024605059474470618,260,0.47692307692307695,0.030515145240827966,240,0.6041666666666666,0.031602543572217694,260,0.5269230769230769,0.030425714017872328,1140,0.4921052631578947,0.014426389614374405,0.8721323934988576,446.5317854714151,17.60431849397719,2.208990214844535,2.2494902679508857,2.8221280953369003,1444.929584812493,36.41044646501541,9.552241490566978,9.701273045341104,3.20479556945797,1640.8553315624806,21.579519007354975,2.399406721815467,2.437568531384614,5.918310815257855,1515.0875687060109,686.8930895347148,6.048135279732593,6.083924036759596,6.656202307540505,1703.9877907303692,1023.5800517257303,7.162860453165338,7.195310635789011,12.356817199120067,197.70907518592108,49.38628077507019,2.0893467900653677,2.146609338025933,27.57641173365517,441.22258773848273,350.1665659248829,10.880231615155934,10.9532667298945,24.609161319893648,393.74658111829837,95.36267444491386,4.328285967931151,4.342773894975616
qwen2.5-0.5b,w8a8-int8,activations,2.0,format,False,8.0,8.0,,3354336,True,20,0.2,0.0917662935482247,0.2,0.0917662935482247,20,0.25,0.09933992677987828,20,0.3,0.10513149660756935,20,0.55,0.11413288653790232,20,0.5,0.11470786693528086,20,0.25,0.09933992677987828,20,0.45,0.11413288653790232,20,0.45,0.11413288653790232,20,0.2,0.0917662935482247,20,0.8,0.0917662935482247,20,0.55,0.11413288653790232,20,0.3,0.10513149660756935,20,0.3,0.10513149660756935,20,0.7,0.10513149660756936,20,0.4,0.11239029738980327,20,0.6,0.11239029738980327,20,0.25,0.09933992677987828,20,0.3,0.10513149660756935,20,0.35,0.1094243309804831,20,0.5,0.11470786693528086,20,0.6,0.11239029738980327,20,0.55,0.11413288653790232,20,0.35,0.1094243309804831,20,0.5,0.11470786693528086,20,0.4,0.11239029738980327,20,0.55,0.11413288653790232,20,0.6,0.11239029738980327,20,0.45,0.11413288653790232,20,0.55,0.11413288653790232,20,0.55,0.11413288653790232,20,0.25,0.09933992677987828,20,0.4,0.11239029738980327,20,0.25,0.09933992677987828,20,0.35,0.1094243309804831,20,0.55,0.11413288653790232,20,0.6,0.11239029738980327,20,0.5,0.11470786693528086,20,0.5,0.11470786693528086,20,0.6,0.11239029738980327,20,0.65,0.1094243309804831,20,0.6,0.11239029738980327,20,0.35,0.1094243309804831,20,0.6,0.11239029738980327,20,0.7,0.10513149660756936,20,0.8,0.0917662935482247,20,0.25,0.09933992677987828,20,0.6,0.11239029738980327,20,0.55,0.11413288653790232,20,0.7,0.10513149660756936,20,0.75,0.09933992677987828,20,0.6,0.11239029738980327,20,0.6,0.11239029738980327,20,0.5,0.11470786693528086,20,0.3,0.10513149660756935,20,0.35,0.1094243309804831,20,0.45,0.11413288653790232,20,0.35,0.1094243309804831,20,0.65,0.1094243309804831,380,0.42105263157894735,0.024538308624954056,260,0.46153846153846156,0.03081979650715507,240,0.5666666666666667,0.031761170158301176,260,0.5115384615384615,0.030271788676266585,1140,0.48157894736842105,0.014446026906362156,0.8317576348948572,425.8599090661669,18.439808441326022,2.3160759370533452,2.343362336964486,7.766686293066612,3976.5433820501053,44.9727731756866,2.4184726370013743,2.4308411546094004,3.0845290067353646,1579.2788514485067,21.715115662664175,2.494354427695537,2.5071111305475373,5.78253009037705,1480.3277031365249,694.1859165206552,6.296656196754354,6.325182478353219,6.460380255787201,1653.8573454815235,1041.0053317900747,7.420619870809946,7.423531852674254,12.257363649017421,196.11781838427873,49.151441268622875,2.148550599813461,2.1924191712066023,26.98732099112418,431.79713585798686,349.85968116670847,11.38064842671156,11.49561681066599,24.164686675743717,386.63498681189947,96.21880888007581,4.4730575662106276,4.518256648145741
